<?xml version="1.0" encoding="UTF-8"?>
<metadata xml:lang="en"><Esri><CreaDate>20140711</CreaDate><CreaTime>12065800</CreaTime><ArcGISFormat>1.0</ArcGISFormat><SyncOnce>TRUE</SyncOnce><DataProperties><lineage><Process ToolSource="c:\program files (x86)\arcgis\desktop10.2\ArcToolbox\Toolboxes\Data Management Tools.tbx\Append" Date="20140515" Time="104230">Append MagpiAgencies_GWMP_1;PCGID_GWMP_1;PID_GWMP;BearValleyCSD_GWMP;FresnoSlough_ID;Tranquility_ID;Lompoc_Water_Service_Area GMP_Statewide_20140506_STorres_v2 NO_TEST "Agency_Name "Agency_Name" true true false 255 Text 0 0 ,First,#;Boundary_Data_Source "Boundary_Data_Source" true true false 100 Text 0 0 ,First,#;Comments "Comments" true true false 100 Text 0 0 ,First,#;Plan_Type "Plan_Type" true true false 50 Text 0 0 ,First,#;Regional_Office "Regional_Office" true true false 100 Text 0 0 ,First,#;Hydrologic_Region "Hydrologic_Region" true true false 100 Text 0 0 ,First,#;Plan_Year "Plan_Year" true true false 4 Long 0 0 ,First,#;SB1938 "SB1938" true true false 50 Text 0 0 ,First,#;GW_Mgmt_Type "GW_Mgmt_Type" true true false 10 Text 0 0 ,First,#;HR_ID "HR_ID" true true false 50 Text 0 0 ,First,#;Plan_Month "Plan_Month" true true false 50 Text 0 0 ,First,#;HR_ID_1 "HR_ID_1" true true false 255 Text 0 0 ,First,#;Address_line_1 "Address_line_1" true true false 255 Text 0 0 ,First,#;Address_line_2 "Address_line_2" true true false 255 Text 0 0 ,First,#;Phone_number "Phone_number" true true false 255 Text 0 0 ,First,#;Website "Website" true true false 255 Text 0 0 ,First,#;Plan "Plan" true true false 255 Text 0 0 ,First,#;Intent "Intent" true true false 255 Text 0 0 ,First,#;Adopt "Adopt" true true false 255 Text 0 0 ,First,#;Shape_Length "Shape_Length" false true true 8 Double 0 0 ,First,#,\\nasdpla\RIO\Share\GW_Web\Maps\Databases\GW_Web_Data.gdb\MagpiAgencies_GWMP_1,Shape_Length,-1,-1,\\nasdpla\RIO\Share\GW_Web\Maps\Databases\GW_Web_Data.gdb\PCGID_GWMP_1,Shape_Length,-1,-1,\\nasdpla\RIO\Share\GW_Web\Maps\Databases\GW_Web_Data.gdb\PID_GWMP,Shape_Length,-1,-1,\\nasdpla\RIO\Share\GW_Web\Maps\Databases\GW_Web_Data.gdb\BearValleyCSD_GWMP,Shape_Length,-1,-1,\\nasdpla\RIO\Share\GW_Web\Maps\Databases\GW_Web_Data.gdb\FresnoSlough_ID,Shape_Length,-1,-1,\\nasdpla\RIO\Share\GW_Web\Maps\Databases\GW_Web_Data.gdb\Tranquility_ID,Shape_Length,-1,-1,\\nasdpla\RIO\Share\GW_Web\Maps\Databases\GW_Web_Data.gdb\Lompoc_Water_Service_Area,Shape_Length,-1,-1;Shape_Area "Shape_Area" false true true 8 Double 0 0 ,First,#,\\nasdpla\RIO\Share\GW_Web\Maps\Databases\GW_Web_Data.gdb\MagpiAgencies_GWMP_1,Shape_Area,-1,-1,\\nasdpla\RIO\Share\GW_Web\Maps\Databases\GW_Web_Data.gdb\PCGID_GWMP_1,Shape_Area,-1,-1,\\nasdpla\RIO\Share\GW_Web\Maps\Databases\GW_Web_Data.gdb\PID_GWMP,Shape_Area,-1,-1,\\nasdpla\RIO\Share\GW_Web\Maps\Databases\GW_Web_Data.gdb\BearValleyCSD_GWMP,Shape_Area,-1,-1,\\nasdpla\RIO\Share\GW_Web\Maps\Databases\GW_Web_Data.gdb\FresnoSlough_ID,Shape_Area,-1,-1,\\nasdpla\RIO\Share\GW_Web\Maps\Databases\GW_Web_Data.gdb\Tranquility_ID,Shape_Area,-1,-1,\\nasdpla\RIO\Share\GW_Web\Maps\Databases\GW_Web_Data.gdb\Lompoc_Water_Service_Area,Shape_Area,-1,-1" #</Process><Process ToolSource="c:\program files (x86)\arcgis\desktop10.2\ArcToolbox\Toolboxes\Data Management Tools.tbx\Append" Date="20140515" Time="104619">Append MagpiAgencies_GWMP_1;PCGID_GWMP_1;PID_GWMP;BearValleyCSD_GWMP;FresnoSlough_ID;Tranquility_ID;Lompoc_Water_Service_Area GMP_Statewide_20140506_STorres_v2 NO_TEST "Agency_Name "Agency_Name" true true false 255 Text 0 0 ,First,#;Boundary_Data_Source "Boundary_Data_Source" true true false 100 Text 0 0 ,First,#;Comments "Comments" true true false 100 Text 0 0 ,First,#;Plan_Type "Plan_Type" true true false 50 Text 0 0 ,First,#;Regional_Office "Regional_Office" true true false 100 Text 0 0 ,First,#;Hydrologic_Region "Hydrologic_Region" true true false 100 Text 0 0 ,First,#;Plan_Year "Plan_Year" true true false 4 Long 0 0 ,First,#;SB1938 "SB1938" true true false 50 Text 0 0 ,First,#;GW_Mgmt_Type "GW_Mgmt_Type" true true false 10 Text 0 0 ,First,#;HR_ID "HR_ID" true true false 50 Text 0 0 ,First,#;Plan_Month "Plan_Month" true true false 50 Text 0 0 ,First,#;HR_ID_1 "HR_ID_1" true true false 255 Text 0 0 ,First,#;Address_line_1 "Address_line_1" true true false 255 Text 0 0 ,First,#;Address_line_2 "Address_line_2" true true false 255 Text 0 0 ,First,#;Phone_number "Phone_number" true true false 255 Text 0 0 ,First,#;Website "Website" true true false 255 Text 0 0 ,First,#;Plan "Plan" true true false 255 Text 0 0 ,First,#;Intent "Intent" true true false 255 Text 0 0 ,First,#;Adopt "Adopt" true true false 255 Text 0 0 ,First,#;Shape_Length "Shape_Length" false true true 8 Double 0 0 ,First,#,\\nasdpla\RIO\Share\GW_Web\Maps\Databases\GW_Web_Data.gdb\MagpiAgencies_GWMP_1,Shape_Length,-1,-1,\\nasdpla\RIO\Share\GW_Web\Maps\Databases\GW_Web_Data.gdb\PCGID_GWMP_1,Shape_Length,-1,-1,\\nasdpla\RIO\Share\GW_Web\Maps\Databases\GW_Web_Data.gdb\PID_GWMP,Shape_Length,-1,-1,\\nasdpla\RIO\Share\GW_Web\Maps\Databases\GW_Web_Data.gdb\BearValleyCSD_GWMP,Shape_Length,-1,-1,\\nasdpla\RIO\Share\GW_Web\Maps\Databases\GW_Web_Data.gdb\FresnoSlough_ID,Shape_Length,-1,-1,\\nasdpla\RIO\Share\GW_Web\Maps\Databases\GW_Web_Data.gdb\Tranquility_ID,Shape_Length,-1,-1,\\nasdpla\RIO\Share\GW_Web\Maps\Databases\GW_Web_Data.gdb\Lompoc_Water_Service_Area,Shape_Length,-1,-1;Shape_Area "Shape_Area" false true true 8 Double 0 0 ,First,#,\\nasdpla\RIO\Share\GW_Web\Maps\Databases\GW_Web_Data.gdb\MagpiAgencies_GWMP_1,Shape_Area,-1,-1,\\nasdpla\RIO\Share\GW_Web\Maps\Databases\GW_Web_Data.gdb\PCGID_GWMP_1,Shape_Area,-1,-1,\\nasdpla\RIO\Share\GW_Web\Maps\Databases\GW_Web_Data.gdb\PID_GWMP,Shape_Area,-1,-1,\\nasdpla\RIO\Share\GW_Web\Maps\Databases\GW_Web_Data.gdb\BearValleyCSD_GWMP,Shape_Area,-1,-1,\\nasdpla\RIO\Share\GW_Web\Maps\Databases\GW_Web_Data.gdb\FresnoSlough_ID,Shape_Area,-1,-1,\\nasdpla\RIO\Share\GW_Web\Maps\Databases\GW_Web_Data.gdb\Tranquility_ID,Shape_Area,-1,-1,\\nasdpla\RIO\Share\GW_Web\Maps\Databases\GW_Web_Data.gdb\Lompoc_Water_Service_Area,Shape_Area,-1,-1" #</Process><Process ToolSource="c:\program files (x86)\arcgis\desktop10.2\ArcToolbox\Toolboxes\Data Management Tools.tbx\Append" Date="20140602" Time="124842">Append Princeton_ProvidentWD GMP_Statewide_20140602_STorres_v2_Copy NO_TEST "Agency_Name "Agency_Name" true true false 255 Text 0 0 ,First,#;Boundary_Data_Source "Boundary_Data_Source" true true false 100 Text 0 0 ,First,#;Comments "Comments" true true false 100 Text 0 0 ,First,#;Plan_Type "Plan_Type" true true false 50 Text 0 0 ,First,#;Regional_Office "Regional_Office" true true false 100 Text 0 0 ,First,#;Hydrologic_Region "Hydrologic_Region" true true false 100 Text 0 0 ,First,#;Plan_Year "Plan_Year" true true false 4 Long 0 0 ,First,#;SB1938 "SB1938" true true false 50 Text 0 0 ,First,#;GW_Mgmt_Type "GW_Mgmt_Type" true true false 10 Text 0 0 ,First,#;HR_ID "HR_ID" true true false 50 Text 0 0 ,First,#;Plan_Month "Plan_Month" true true false 50 Text 0 0 ,First,#;HR_ID_1 "HR_ID_1" true true false 255 Text 0 0 ,First,#;Address_line_1 "Address_line_1" true true false 255 Text 0 0 ,First,#;Address_line_2 "Address_line_2" true true false 255 Text 0 0 ,First,#;Phone_number "Phone_number" true true false 255 Text 0 0 ,First,#;Website "Website" true true false 255 Text 0 0 ,First,#;Plan "Plan" true true false 255 Text 0 0 ,First,#;Intent "Intent" true true false 255 Text 0 0 ,First,#;Adopt "Adopt" true true false 255 Text 0 0 ,First,#;Shape_Length "Shape_Length" false true true 8 Double 0 0 ,First,#,\\nasdpla\RIO\Share\GW_Web\Maps\Databases\GW_Web_Data.gdb\Princeton_ProvidentWD,Shape_Length,-1,-1;Shape_Area "Shape_Area" false true true 8 Double 0 0 ,First,#,\\nasdpla\RIO\Share\GW_Web\Maps\Databases\GW_Web_Data.gdb\Princeton_ProvidentWD,Shape_Area,-1,-1" #</Process><Process ToolSource="c:\program files (x86)\arcgis\desktop10.2\ArcToolbox\Toolboxes\Data Management Tools.tbx\Project" Date="20140709" Time="114344">Project GMP_Statewide_20140602_STorres_v2_ \\nasgisnp\EntGIS\Cadre\GGI\GGI_SERVICES.gdb\GWMP_Statewide PROJCS['WGS_1984_Web_Mercator_Auxiliary_Sphere',GEOGCS['GCS_WGS_1984',DATUM['D_WGS_1984',SPHEROID['WGS_1984',6378137.0,298.257223563]],PRIMEM['Greenwich',0.0],UNIT['Degree',0.0174532925199433]],PROJECTION['Mercator_Auxiliary_Sphere'],PARAMETER['False_Easting',0.0],PARAMETER['False_Northing',0.0],PARAMETER['Central_Meridian',0.0],PARAMETER['Standard_Parallel_1',0.0],PARAMETER['Auxiliary_Sphere_Type',0.0],UNIT['Meter',1.0]] NAD_1983_To_WGS_1984_5 PROJCS['NAD_1983_UTM_Zone_10N',GEOGCS['GCS_North_American_1983',DATUM['D_North_American_1983',SPHEROID['GRS_1980',6378137.0,298.257222101]],PRIMEM['Greenwich',0.0],UNIT['Degree',0.0174532925199433]],PROJECTION['Transverse_Mercator'],PARAMETER['False_Easting',500000.0],PARAMETER['False_Northing',0.0],PARAMETER['Central_Meridian',-123.0],PARAMETER['Scale_Factor',0.9996],PARAMETER['Latitude_Of_Origin',0.0],UNIT['Meter',1.0]]</Process></lineage><itemProps><itemLocation><linkage Sync="TRUE">file://\\nasgisnp\EntGIS\Cadre\GGI\GGI_SERVICES.gdb</linkage><protocol Sync="TRUE">Local Area Network</protocol></itemLocation></itemProps></DataProperties><ArcGISstyle>FGDC CSDGM Metadata</ArcGISstyle></Esri></metadata>
