<?xml version="1.0" encoding="UTF-8"?>
<metadata xml:lang="en"><Esri><CreaDate>20140617</CreaDate><CreaTime>08090400</CreaTime><ArcGISFormat>1.0</ArcGISFormat><SyncOnce>FALSE</SyncOnce><DataProperties><lineage><Process ToolSource="c:\program files (x86)\arcgis\desktop10.2\ArcToolbox\Toolboxes\Data Management Tools.tbx\CopyFeatures" Date="20140429" Time="163446">CopyFeatures secondJoinLyr2 \\nasgisnp\EntGIS\gw_gis\GW_GIS\Projects\BBREW_Projects\DotMaps_20140428\Work.gdb\S2013_S2008_20140429Final # 0 0 0</Process><Process ToolSource="c:\program files (x86)\arcgis\desktop10.2\ArcToolbox\Toolboxes\Data Management Tools.tbx\CalculateField" Date="20140429" Time="163541">CalculateField \\nasgisnp\EntGIS\gw_gis\GW_GIS\Projects\BBREW_Projects\DotMaps_20140428\Work.gdb\S2013_S2008_20140429AllWellsDissolved_lyr IsDirect 1 VB #</Process><Process ToolSource="c:\program files (x86)\arcgis\desktop10.2\ArcToolbox\Toolboxes\3D Analyst Tools.tbx\AddSurfaceInformation" Date="20140429" Time="163547">AddSurfaceInformation \\nasgisnp\EntGIS\gw_gis\GW_GIS\Projects\BBREW_Projects\DotMaps_20140428\Work.gdb\S2013_S2008_20140429AllWellsDissolved_lyr \\nasgisnp\EntGIS\gw_gis\GW_GIS\Projects\BBREW_Projects\DotMaps_20140428\TINs\ScratchEarlyTIN Z LINEAR # 1 0 NO_FILTER</Process><Process ToolSource="c:\program files (x86)\arcgis\desktop10.2\ArcToolbox\Toolboxes\Data Management Tools.tbx\CalculateField" Date="20140429" Time="163552">CalculateField \\nasgisnp\EntGIS\gw_gis\GW_GIS\Projects\BBREW_Projects\DotMaps_20140428\Work.gdb\S2013_S2008_20140429AllWellsDissolved_lyr EarlyZValue [Z] VB #</Process><Process ToolSource="c:\program files (x86)\arcgis\desktop10.2\ArcToolbox\Toolboxes\Data Management Tools.tbx\CalculateField" Date="20140429" Time="163556">CalculateField \\nasgisnp\EntGIS\gw_gis\GW_GIS\Projects\BBREW_Projects\DotMaps_20140428\Work.gdb\S2013_S2008_20140429AllWellsDissolved_lyr Z Null VB #</Process><Process ToolSource="c:\program files (x86)\arcgis\desktop10.2\ArcToolbox\Toolboxes\3D Analyst Tools.tbx\AddSurfaceInformation" Date="20140429" Time="163602">AddSurfaceInformation \\nasgisnp\EntGIS\gw_gis\GW_GIS\Projects\BBREW_Projects\DotMaps_20140428\Work.gdb\S2013_S2008_20140429AllWellsDissolved_lyr \\nasgisnp\EntGIS\gw_gis\GW_GIS\Projects\BBREW_Projects\DotMaps_20140428\TINs\ScratchLateTIN Z LINEAR # 1 0 NO_FILTER</Process><Process ToolSource="c:\program files (x86)\arcgis\desktop10.2\ArcToolbox\Toolboxes\Data Management Tools.tbx\CalculateField" Date="20140429" Time="163606">CalculateField \\nasgisnp\EntGIS\gw_gis\GW_GIS\Projects\BBREW_Projects\DotMaps_20140428\Work.gdb\S2013_S2008_20140429AllWellsDissolved_lyr LateZValue [Z] VB #</Process><Process ToolSource="c:\program files (x86)\arcgis\desktop10.2\ArcToolbox\Toolboxes\Data Management Tools.tbx\CalculateField" Date="20140429" Time="163611">CalculateField \\nasgisnp\EntGIS\gw_gis\GW_GIS\Projects\BBREW_Projects\DotMaps_20140428\Work.gdb\S2013_S2008_20140429AllWellsDissolved_lyr EarlyZValue [E_CLC_WSEL] VB #</Process><Process ToolSource="c:\program files (x86)\arcgis\desktop10.2\ArcToolbox\Toolboxes\Data Management Tools.tbx\CalculateField" Date="20140429" Time="163615">CalculateField \\nasgisnp\EntGIS\gw_gis\GW_GIS\Projects\BBREW_Projects\DotMaps_20140428\Work.gdb\S2013_S2008_20140429AllWellsDissolved_lyr LateZValue [L_CLC_WSEL] VB #</Process><Process ToolSource="c:\program files (x86)\arcgis\desktop10.2\ArcToolbox\Toolboxes\Data Management Tools.tbx\CalculateField" Date="20140429" Time="163620">CalculateField \\nasgisnp\EntGIS\gw_gis\GW_GIS\Projects\BBREW_Projects\DotMaps_20140428\Work.gdb\S2013_S2008_20140429AllWellsDissolved_lyr Difference "[LateZValue] - [EarlyZValue]" VB #</Process><Process ToolSource="c:\program files (x86)\arcgis\desktop10.2\ArcToolbox\Toolboxes\Data Management Tools.tbx\CopyFeatures" Date="20140429" Time="163640">CopyFeatures \\nasgisnp\EntGIS\gw_gis\GW_GIS\Projects\BBREW_Projects\DotMaps_20140428\Work.gdb\S2013_S2008_20140429AllWellsDissolved_lyr \\nasgisnp\EntGIS\gw_gis\GW_GIS\Projects\BBREW_Projects\DotMaps_20140428\Work.gdb\S2013_S2008_20140429AllWells_Final # 0 0 0</Process><Process ToolSource="c:\program files (x86)\arcgis\desktop10.2\ArcToolbox\Toolboxes\Data Management Tools.tbx\DeleteField" Date="20140429" Time="163643">DeleteField \\nasgisnp\EntGIS\gw_gis\GW_GIS\Projects\BBREW_Projects\DotMaps_20140428\Work.gdb\S2013_S2008_20140429AllWells_Final OBJECTID_1</Process><Process ToolSource="c:\program files (x86)\arcgis\desktop10.2\ArcToolbox\Toolboxes\Data Management Tools.tbx\DeleteField" Date="20140429" Time="163647">DeleteField \\nasgisnp\EntGIS\gw_gis\GW_GIS\Projects\BBREW_Projects\DotMaps_20140428\Work.gdb\S2013_S2008_20140429AllWells_Final Z</Process><Process Name="Feature Class to Feature Class" ToolSource="c:\program files (x86)\arcgis\desktop10.2\ArcToolbox\Toolboxes\Conversion Tools.tbx\FeatureClassToFeatureClass" Date="20140430" Time="152440">FeatureClassToFeatureClass "S2013_S2008_20140429 ChangeDot\Groundwater Level Change" \\nasgisnp\EntGIS\gw_gis\Services\GW_GIS_SERVICES.gdb Change_S2013_S2008_20140429 # "MST_SITE_CODE "MST_SITE_CODE" true true false 30 Text 0 0 ,First,#,\\nasgisnp\EntGIS\gw_gis\GW_GIS\Projects\BBREW_Projects\DotMaps_20140428\Work.gdb\S2012_S2007_20140429AllWells_Final,MST_SITE_CODE,-1,-1;EarlyZValue "EarlyZValue" true true false 8 Double 0 0 ,First,#,\\nasgisnp\EntGIS\gw_gis\GW_GIS\Projects\BBREW_Projects\DotMaps_20140428\Work.gdb\S2012_S2007_20140429AllWells_Final,EarlyZValue,-1,-1;LateZValue "LateZValue" true true false 8 Double 0 0 ,First,#,\\nasgisnp\EntGIS\gw_gis\GW_GIS\Projects\BBREW_Projects\DotMaps_20140428\Work.gdb\S2012_S2007_20140429AllWells_Final,LateZValue,-1,-1;Difference "Difference" true true false 8 Double 0 0 ,First,#,\\nasgisnp\EntGIS\gw_gis\GW_GIS\Projects\BBREW_Projects\DotMaps_20140428\Work.gdb\S2012_S2007_20140429AllWells_Final,Difference,-1,-1;E_CLC_WSEL "E_CLC_WSEL" true true false 8 Double 0 0 ,First,#,\\nasgisnp\EntGIS\gw_gis\GW_GIS\Projects\BBREW_Projects\DotMaps_20140428\Work.gdb\S2012_S2007_20140429AllWells_Final,E_CLC_WSEL,-1,-1;L_CLC_WSEL "L_CLC_WSEL" true true false 8 Double 0 0 ,First,#,\\nasgisnp\EntGIS\gw_gis\GW_GIS\Projects\BBREW_Projects\DotMaps_20140428\Work.gdb\S2012_S2007_20140429AllWells_Final,L_CLC_WSEL,-1,-1;E_WLM_MEASUREMENT_DT "E_WLM_MEASUREMENT_DT" true true false 8 Date 0 0 ,First,#,\\nasgisnp\EntGIS\gw_gis\GW_GIS\Projects\BBREW_Projects\DotMaps_20140428\Work.gdb\S2012_S2007_20140429AllWells_Final,E_WLM_MEASUREMENT_DT,-1,-1;E_WLM_MEASUREMENT_ISSUE_TYPE "E_WLM_MEASUREMENT_ISSUE_TYPE" true true false 8 Double 0 0 ,First,#,\\nasgisnp\EntGIS\gw_gis\GW_GIS\Projects\BBREW_Projects\DotMaps_20140428\Work.gdb\S2012_S2007_20140429AllWells_Final,E_WLM_MEASUREMENT_ISSUE_TYPE,-1,-1;L_WLM_MEASUREMENT_DT "L_WLM_MEASUREMENT_DT" true true false 8 Date 0 0 ,First,#,\\nasgisnp\EntGIS\gw_gis\GW_GIS\Projects\BBREW_Projects\DotMaps_20140428\Work.gdb\S2012_S2007_20140429AllWells_Final,L_WLM_MEASUREMENT_DT,-1,-1;L_WLM_MEASUREMENT_ISSUE_TYPE "L_WLM_MEASUREMENT_ISSUE_TYPE" true true false 8 Double 0 0 ,First,#,\\nasgisnp\EntGIS\gw_gis\GW_GIS\Projects\BBREW_Projects\DotMaps_20140428\Work.gdb\S2012_S2007_20140429AllWells_Final,L_WLM_MEASUREMENT_ISSUE_TYPE,-1,-1" #</Process></lineage><itemProps><itemName Sync="TRUE">Change_S2013_S2008_20140429</itemName><imsContentType Sync="TRUE">002</imsContentType><itemLocation><linkage Sync="TRUE">file://\\nasgisnp\EntGIS\Cadre\GW_GIS_SERVICES.gdb</linkage><protocol Sync="TRUE">Local Area Network</protocol></itemLocation></itemProps><coordRef><type Sync="TRUE">Projected</type><geogcsn Sync="TRUE">GCS_North_American_1983</geogcsn><csUnits Sync="TRUE">Linear Unit: Meter (1.000000)</csUnits><projcsn Sync="TRUE">NAD_1983_California_Teale_Albers</projcsn><peXml Sync="TRUE">&lt;ProjectedCoordinateSystem xsi:type='typens:ProjectedCoordinateSystem' xmlns:xsi='http://www.w3.org/2001/XMLSchema-instance' xmlns:xs='http://www.w3.org/2001/XMLSchema' xmlns:typens='http://www.esri.com/schemas/ArcGIS/10.1'&gt;&lt;WKT&gt;PROJCS[&amp;quot;NAD_1983_California_Teale_Albers&amp;quot;,GEOGCS[&amp;quot;GCS_North_American_1983&amp;quot;,DATUM[&amp;quot;D_North_American_1983&amp;quot;,SPHEROID[&amp;quot;GRS_1980&amp;quot;,6378137.0,298.257222101]],PRIMEM[&amp;quot;Greenwich&amp;quot;,0.0],UNIT[&amp;quot;Degree&amp;quot;,0.0174532925199433]],PROJECTION[&amp;quot;Albers&amp;quot;],PARAMETER[&amp;quot;False_Easting&amp;quot;,0.0],PARAMETER[&amp;quot;False_Northing&amp;quot;,-4000000.0],PARAMETER[&amp;quot;Central_Meridian&amp;quot;,-120.0],PARAMETER[&amp;quot;Standard_Parallel_1&amp;quot;,34.0],PARAMETER[&amp;quot;Standard_Parallel_2&amp;quot;,40.5],PARAMETER[&amp;quot;Latitude_Of_Origin&amp;quot;,0.0],UNIT[&amp;quot;Meter&amp;quot;,1.0],AUTHORITY[&amp;quot;EPSG&amp;quot;,3310]]&lt;/WKT&gt;&lt;XOrigin&gt;-16909700&lt;/XOrigin&gt;&lt;YOrigin&gt;-8597000&lt;/YOrigin&gt;&lt;XYScale&gt;10000&lt;/XYScale&gt;&lt;ZOrigin&gt;-100000&lt;/ZOrigin&gt;&lt;ZScale&gt;10000&lt;/ZScale&gt;&lt;MOrigin&gt;-100000&lt;/MOrigin&gt;&lt;MScale&gt;10000&lt;/MScale&gt;&lt;XYTolerance&gt;0.001&lt;/XYTolerance&gt;&lt;ZTolerance&gt;0.001&lt;/ZTolerance&gt;&lt;MTolerance&gt;0.001&lt;/MTolerance&gt;&lt;HighPrecision&gt;true&lt;/HighPrecision&gt;&lt;WKID&gt;3310&lt;/WKID&gt;&lt;LatestWKID&gt;3310&lt;/LatestWKID&gt;&lt;/ProjectedCoordinateSystem&gt;</peXml></coordRef></DataProperties><SyncDate>20140430</SyncDate><SyncTime>15243600</SyncTime><ModDate>20140430</ModDate><ModTime>15243600</ModTime></Esri><dataIdInfo><envirDesc Sync="TRUE">Microsoft Windows 7 Version 6.1 (Build 7601) Service Pack 1; Esri ArcGIS 10.2.0.3348</envirDesc><dataLang><languageCode value="eng" Sync="TRUE"></languageCode><countryCode value="USA" Sync="TRUE"></countryCode></dataLang><idCitation><resTitle Sync="TRUE">Change_S2013_S2008_20140429</resTitle><presForm><PresFormCd value="005" Sync="TRUE"></PresFormCd></presForm></idCitation><spatRpType><SpatRepTypCd value="001" Sync="TRUE"></SpatRepTypCd></spatRpType></dataIdInfo><mdLang><languageCode value="eng" Sync="TRUE"></languageCode><countryCode value="USA" Sync="TRUE"></countryCode></mdLang><distInfo><distFormat><formatName Sync="TRUE">File Geodatabase Feature Class</formatName></distFormat></distInfo><mdHrLv><ScopeCd value="005" Sync="TRUE"></ScopeCd></mdHrLv><mdHrLvName Sync="TRUE">dataset</mdHrLvName><refSysInfo><RefSystem><refSysID><identCode code="3310" Sync="TRUE"></identCode><idCodeSpace Sync="TRUE">EPSG</idCodeSpace><idVersion Sync="TRUE">8.1.1</idVersion></refSysID></RefSystem></refSysInfo><spatRepInfo><VectSpatRep><geometObjs Name="Change_S2013_S2008_20140429"><geoObjTyp><GeoObjTypCd value="004" Sync="TRUE"></GeoObjTypCd></geoObjTyp><geoObjCnt Sync="TRUE">0</geoObjCnt></geometObjs><topLvl><TopoLevCd value="001" Sync="TRUE"></TopoLevCd></topLvl></VectSpatRep></spatRepInfo><spdoinfo><ptvctinf><esriterm Name="Change_S2013_S2008_20140429"><efeatyp Sync="TRUE">Simple</efeatyp><efeageom code="1" Sync="TRUE"></efeageom><esritopo Sync="TRUE">FALSE</esritopo><efeacnt Sync="TRUE">0</efeacnt><spindex Sync="TRUE">TRUE</spindex><linrefer Sync="TRUE">FALSE</linrefer></esriterm></ptvctinf></spdoinfo><eainfo><detailed Name="Change_S2013_S2008_20140429"><enttyp><enttypl Sync="TRUE">Change_S2013_S2008_20140429</enttypl><enttypt Sync="TRUE">Feature Class</enttypt><enttypc Sync="TRUE">0</enttypc></enttyp><attr><attrlabl Sync="TRUE">OBJECTID</attrlabl><attalias Sync="TRUE">OBJECTID</attalias><attrtype Sync="TRUE">OID</attrtype><attwidth Sync="TRUE">4</attwidth><atprecis Sync="TRUE">0</atprecis><attscale Sync="TRUE">0</attscale><attrdef Sync="TRUE">Internal feature number.</attrdef><attrdefs Sync="TRUE">Esri</attrdefs><attrdomv><udom Sync="TRUE">Sequential unique whole numbers that are automatically generated.</udom></attrdomv></attr><attr><attrlabl Sync="TRUE">Shape</attrlabl><attalias Sync="TRUE">Shape</attalias><attrtype Sync="TRUE">Geometry</attrtype><attwidth Sync="TRUE">0</attwidth><atprecis Sync="TRUE">0</atprecis><attscale Sync="TRUE">0</attscale><attrdef Sync="TRUE">Feature geometry.</attrdef><attrdefs Sync="TRUE">Esri</attrdefs><attrdomv><udom Sync="TRUE">Coordinates defining the features.</udom></attrdomv></attr><attr><attrlabl Sync="TRUE">MST_SITE_CODE</attrlabl><attalias Sync="TRUE">MST_SITE_CODE</attalias><attrtype Sync="TRUE">String</attrtype><attwidth Sync="TRUE">30</attwidth><atprecis Sync="TRUE">0</atprecis><attscale Sync="TRUE">0</attscale></attr><attr><attrlabl Sync="TRUE">EarlyZValue</attrlabl><attalias Sync="TRUE">EarlyZValue</attalias><attrtype Sync="TRUE">Double</attrtype><attwidth Sync="TRUE">8</attwidth><atprecis Sync="TRUE">0</atprecis><attscale Sync="TRUE">0</attscale></attr><attr><attrlabl Sync="TRUE">LateZValue</attrlabl><attalias Sync="TRUE">LateZValue</attalias><attrtype Sync="TRUE">Double</attrtype><attwidth Sync="TRUE">8</attwidth><atprecis Sync="TRUE">0</atprecis><attscale Sync="TRUE">0</attscale></attr><attr><attrlabl Sync="TRUE">Difference</attrlabl><attalias Sync="TRUE">Difference</attalias><attrtype Sync="TRUE">Double</attrtype><attwidth Sync="TRUE">8</attwidth><atprecis Sync="TRUE">0</atprecis><attscale Sync="TRUE">0</attscale></attr><attr><attrlabl Sync="TRUE">E_CLC_WSEL</attrlabl><attalias Sync="TRUE">E_CLC_WSEL</attalias><attrtype Sync="TRUE">Double</attrtype><attwidth Sync="TRUE">8</attwidth><atprecis Sync="TRUE">0</atprecis><attscale Sync="TRUE">0</attscale></attr><attr><attrlabl Sync="TRUE">L_CLC_WSEL</attrlabl><attalias Sync="TRUE">L_CLC_WSEL</attalias><attrtype Sync="TRUE">Double</attrtype><attwidth Sync="TRUE">8</attwidth><atprecis Sync="TRUE">0</atprecis><attscale Sync="TRUE">0</attscale></attr><attr><attrlabl Sync="TRUE">E_WLM_MEASUREMENT_DT</attrlabl><attalias Sync="TRUE">E_WLM_MEASUREMENT_DT</attalias><attrtype Sync="TRUE">Date</attrtype><attwidth Sync="TRUE">8</attwidth><atprecis Sync="TRUE">0</atprecis><attscale Sync="TRUE">0</attscale></attr><attr><attrlabl Sync="TRUE">E_WLM_MEASUREMENT_ISSUE_TYPE</attrlabl><attalias Sync="TRUE">E_WLM_MEASUREMENT_ISSUE_TYPE</attalias><attrtype Sync="TRUE">Double</attrtype><attwidth Sync="TRUE">8</attwidth><atprecis Sync="TRUE">0</atprecis><attscale Sync="TRUE">0</attscale></attr><attr><attrlabl Sync="TRUE">L_WLM_MEASUREMENT_DT</attrlabl><attalias Sync="TRUE">L_WLM_MEASUREMENT_DT</attalias><attrtype Sync="TRUE">Date</attrtype><attwidth Sync="TRUE">8</attwidth><atprecis Sync="TRUE">0</atprecis><attscale Sync="TRUE">0</attscale></attr><attr><attrlabl Sync="TRUE">L_WLM_MEASUREMENT_ISSUE_TYPE</attrlabl><attalias Sync="TRUE">L_WLM_MEASUREMENT_ISSUE_TYPE</attalias><attrtype Sync="TRUE">Double</attrtype><attwidth Sync="TRUE">8</attwidth><atprecis Sync="TRUE">0</atprecis><attscale Sync="TRUE">0</attscale></attr></detailed></eainfo><mdDateSt Sync="TRUE">20140430</mdDateSt></metadata>
