<?xml version="1.0" encoding="UTF-8"?>
<metadata xml:lang="en"><Esri><CreaDate>20140709</CreaDate><CreaTime>16413200</CreaTime><ArcGISFormat>1.0</ArcGISFormat><SyncOnce>FALSE</SyncOnce><DataProperties><lineage><Process ToolSource="c:\program files (x86)\arcgis\desktop10.2\ArcToolbox\Toolboxes\Data Management Tools.tbx\CopyFeatures" Date="20140627" Time="125857">CopyFeatures joinLayerName2 \\nasgisnp\EntGIS\gw_gis\GW_GIS\Projects\Spring_2013\Work.gdb\Spring_2013_20140627_NoDup # 0 0 0</Process><Process ToolSource="c:\program files (x86)\arcgis\desktop10.2\ArcToolbox\Toolboxes\Data Management Tools.tbx\DeleteField" Date="20140627" Time="125901">DeleteField \\nasgisnp\EntGIS\gw_gis\GW_GIS\Projects\Spring_2013\Work.gdb\Spring_2013_20140627_NoDup MIN_CLC_DATE_DIFFERENCE</Process><Process ToolSource="c:\program files (x86)\arcgis\desktop10.2\ArcToolbox\Toolboxes\Data Management Tools.tbx\DeleteField" Date="20140627" Time="125905">DeleteField \\nasgisnp\EntGIS\gw_gis\GW_GIS\Projects\Spring_2013\Work.gdb\Spring_2013_20140627_NoDup STN_CASGEM_STATION_ID_1</Process><Process ToolSource="c:\program files (x86)\arcgis\desktop10.2\ArcToolbox\Toolboxes\Data Management Tools.tbx\DeleteField" Date="20140627" Time="125908">DeleteField \\nasgisnp\EntGIS\gw_gis\GW_GIS\Projects\Spring_2013\Work.gdb\Spring_2013_20140627_NoDup OBJECTID_1</Process><Process ToolSource="c:\program files (x86)\arcgis\desktop10.2\ArcToolbox\Toolboxes\Data Management Tools.tbx\AddIndex" Date="20140627" Time="125943">AddIndex NoDup_Layer STN_CASGEM_STATION_ID StationIndex UNIQUE NON_ASCENDING</Process><Process ToolSource="c:\program files (x86)\arcgis\desktop10.2\ArcToolbox\Toolboxes\Data Management Tools.tbx\CopyFeatures" Date="20140627" Time="130006">CopyFeatures NoDup_Layer \\nasgisnp\EntGIS\gw_gis\GW_GIS\Projects\Spring_2013\Work.gdb\Spring_2013_20140627_NoDupNoBunk # 0 0 0</Process><Process ToolSource="c:\program files (x86)\arcgis\desktop10.2\ArcToolbox\Toolboxes\Data Management Tools.tbx\AssignDomainToField" Date="20140627" Time="130107">AssignDomainToField \\nasgisnp\EntGIS\gw_gis\GW_GIS\Projects\Spring_2013\Work.gdb\Spring_2013_20140627_NoDupNoBunk STN_WELL_TYPE WELL_COMPLETION_TYPE #</Process><Process ToolSource="c:\program files (x86)\arcgis\desktop10.2\ArcToolbox\Toolboxes\Data Management Tools.tbx\AssignDomainToField" Date="20140627" Time="130144">AssignDomainToField \\nasgisnp\EntGIS\gw_gis\GW_GIS\Projects\Spring_2013\Work.gdb\Spring_2013_20140627_NoDupNoBunk STN_WELL_USE STATION_USE #</Process><Process ToolSource="c:\program files (x86)\arcgis\desktop10.2\ArcToolbox\Toolboxes\Data Management Tools.tbx\AssignDomainToField" Date="20140627" Time="130214">AssignDomainToField \\nasgisnp\EntGIS\gw_gis\GW_GIS\Projects\Spring_2013\Work.gdb\Spring_2013_20140627_NoDupNoBunk STN_BASIN BASIN #</Process><Process ToolSource="c:\program files (x86)\arcgis\desktop10.2\ArcToolbox\Toolboxes\Data Management Tools.tbx\AssignDomainToField" Date="20140627" Time="130235">AssignDomainToField \\nasgisnp\EntGIS\gw_gis\GW_GIS\Projects\Spring_2013\Work.gdb\Spring_2013_20140627_NoDupNoBunk STN_BASIN_PORTION BASIN_PORTION #</Process><Process ToolSource="c:\program files (x86)\arcgis\desktop10.2\ArcToolbox\Toolboxes\Data Management Tools.tbx\AssignDomainToField" Date="20140627" Time="130258">AssignDomainToField \\nasgisnp\EntGIS\gw_gis\GW_GIS\Projects\Spring_2013\Work.gdb\Spring_2013_20140627_NoDupNoBunk STN_HORIZONTAL_MEASURE_METHOD_ID MEASUREMENT_METHOD #</Process><Process ToolSource="c:\program files (x86)\arcgis\desktop10.2\ArcToolbox\Toolboxes\Data Management Tools.tbx\AssignDomainToField" Date="20140627" Time="130320">AssignDomainToField \\nasgisnp\EntGIS\gw_gis\GW_GIS\Projects\Spring_2013\Work.gdb\Spring_2013_20140627_NoDupNoBunk STN_HORIZONTAL_MEASURE_ACCURACY_ID MEASUREMENT_ACCURACY #</Process><Process ToolSource="c:\program files (x86)\arcgis\desktop10.2\ArcToolbox\Toolboxes\Data Management Tools.tbx\AssignDomainToField" Date="20140627" Time="130339">AssignDomainToField \\nasgisnp\EntGIS\gw_gis\GW_GIS\Projects\Spring_2013\Work.gdb\Spring_2013_20140627_NoDupNoBunk STN_VERTICAL_MEASURE_METHOD_ID MEASUREMENT_METHOD #</Process><Process ToolSource="c:\program files (x86)\arcgis\desktop10.2\ArcToolbox\Toolboxes\Data Management Tools.tbx\AssignDomainToField" Date="20140627" Time="130357">AssignDomainToField \\nasgisnp\EntGIS\gw_gis\GW_GIS\Projects\Spring_2013\Work.gdb\Spring_2013_20140627_NoDupNoBunk STN_VERTICAL_MEASURE_ACCURACY_ID MEASUREMENT_ACCURACY #</Process><Process ToolSource="c:\program files (x86)\arcgis\desktop10.2\ArcToolbox\Toolboxes\Data Management Tools.tbx\AssignDomainToField" Date="20140627" Time="130416">AssignDomainToField \\nasgisnp\EntGIS\gw_gis\GW_GIS\Projects\Spring_2013\Work.gdb\Spring_2013_20140627_NoDupNoBunk STN_OCCURRENCE_TYPE STATION_OCCURENCE #</Process><Process ToolSource="c:\program files (x86)\arcgis\desktop10.2\ArcToolbox\Toolboxes\Data Management Tools.tbx\AssignDomainToField" Date="20140627" Time="130436">AssignDomainToField \\nasgisnp\EntGIS\gw_gis\GW_GIS\Projects\Spring_2013\Work.gdb\Spring_2013_20140627_NoDupNoBunk STN_CONFIDENCE_TYPE CONFIDENCE #</Process><Process ToolSource="c:\program files (x86)\arcgis\desktop10.2\ArcToolbox\Toolboxes\Data Management Tools.tbx\AssignDomainToField" Date="20140627" Time="130455">AssignDomainToField \\nasgisnp\EntGIS\gw_gis\GW_GIS\Projects\Spring_2013\Work.gdb\Spring_2013_20140627_NoDupNoBunk WLM_ORG ORGANIZATION #</Process><Process ToolSource="c:\program files (x86)\arcgis\desktop10.2\ArcToolbox\Toolboxes\Data Management Tools.tbx\AssignDomainToField" Date="20140627" Time="130514">AssignDomainToField \\nasgisnp\EntGIS\gw_gis\GW_GIS\Projects\Spring_2013\Work.gdb\Spring_2013_20140627_NoDupNoBunk WLM_COOP_AGENCY_ORG ORGANIZATION #</Process><Process ToolSource="c:\program files (x86)\arcgis\desktop10.2\ArcToolbox\Toolboxes\Data Management Tools.tbx\AssignDomainToField" Date="20140627" Time="130534">AssignDomainToField \\nasgisnp\EntGIS\gw_gis\GW_GIS\Projects\Spring_2013\Work.gdb\Spring_2013_20140627_NoDupNoBunk WLM_ELEV_MEASURE_METHOD_TYPE ELEV_MEASURE_METHOD #</Process><Process ToolSource="c:\program files (x86)\arcgis\desktop10.2\ArcToolbox\Toolboxes\Data Management Tools.tbx\AssignDomainToField" Date="20140627" Time="130553">AssignDomainToField \\nasgisnp\EntGIS\gw_gis\GW_GIS\Projects\Spring_2013\Work.gdb\Spring_2013_20140627_NoDupNoBunk WLM_ELEVATION_ACCURACY_TYPE ELEV_ACCURACY #</Process><Process ToolSource="c:\program files (x86)\arcgis\desktop10.2\ArcToolbox\Toolboxes\Data Management Tools.tbx\AssignDomainToField" Date="20140627" Time="130612">AssignDomainToField \\nasgisnp\EntGIS\gw_gis\GW_GIS\Projects\Spring_2013\Work.gdb\Spring_2013_20140627_NoDupNoBunk WLM_MEASUREMENT_ISSUE_TYPE WLM_MEASUREMENT_ISSUE #</Process><Process ToolSource="c:\program files (x86)\arcgis\desktop10.2\ArcToolbox\Toolboxes\Data Management Tools.tbx\AssignDomainToField" Date="20140627" Time="130632">AssignDomainToField \\nasgisnp\EntGIS\gw_gis\GW_GIS\Projects\Spring_2013\Work.gdb\Spring_2013_20140627_NoDupNoBunk STN_COUNTY_ID COUNTY_ID #</Process><Process ToolSource="c:\program files (x86)\arcgis\desktop10.2\ArcToolbox\Toolboxes\Data Management Tools.tbx\DeleteIdentical" Date="20140627" Time="130845">DeleteIdentical Spring_2013_20140627\Spring_2013_20140627_NoDupNoBunk MST_SITE_CODE;WLM_MEASUREMENT_DT;WLM_COOP_AGENCY_ORG # 0</Process><Process ToolSource="c:\program files (x86)\arcgis\desktop10.2\ArcToolbox\Toolboxes\Conversion Tools.tbx\FeatureClassToFeatureClass" Date="20140708" Time="144010">FeatureClassToFeatureClass \\nasgisnp\EntGIS\gw_gis\GW_GIS\Projects\Spring_2013\Work.gdb\Spring_2013_20140627_NoDupNoBunk \\nasgisnp\EntGIS\Cadre\GGI\GGI_SERVICES.gdb Temp_Points_deleteme # "Site_Code "Site_Code" true true false 30 Text 0 0 ,First,#,\\nasgisnp\EntGIS\gw_gis\GW_GIS\Projects\Spring_2013\Work.gdb\Spring_2013_20140627_NoDupNoBunk,MST_SITE_CODE,-1,-1;Local_Well_Name "Local_Well_Name" true true false 100 Text 0 0 ,First,#,\\nasgisnp\EntGIS\gw_gis\GW_GIS\Projects\Spring_2013\Work.gdb\Spring_2013_20140627_NoDupNoBunk,STN_LOCAL_WELL_DESIGNATION,-1,-1;State_Well_Number "State_Well_Number" true true false 15 Text 0 0 ,First,#,\\nasgisnp\EntGIS\gw_gis\GW_GIS\Projects\Spring_2013\Work.gdb\Spring_2013_20140627_NoDupNoBunk,STN_STATE_WELL_NBR,-1,-1;WCR_Number "WCR_Number" true true false 15 Text 0 0 ,First,#,\\nasgisnp\EntGIS\gw_gis\GW_GIS\Projects\Spring_2013\Work.gdb\Spring_2013_20140627_NoDupNoBunk,STN_COMPLETION_RPT_NBR,-1,-1;Well_Use "Well_Use" true true false 8 Double 0 0 ,First,#,\\nasgisnp\EntGIS\gw_gis\GW_GIS\Projects\Spring_2013\Work.gdb\Spring_2013_20140627_NoDupNoBunk,STN_WELL_USE,-1,-1;Msmt_Date "Msmt_Date" true true false 8 Date 0 0 ,First,#,\\nasgisnp\EntGIS\gw_gis\GW_GIS\Projects\Spring_2013\Work.gdb\Spring_2013_20140627_NoDupNoBunk,WLM_MEASUREMENT_DT,-1,-1;Msmt_Agency "Msmt_Agency" true true false 8 Double 0 0 ,First,#,\\nasgisnp\EntGIS\gw_gis\GW_GIS\Projects\Spring_2013\Work.gdb\Spring_2013_20140627_NoDupNoBunk,WLM_COOP_AGENCY_ORG,-1,-1;WSEL "WSEL" true true false 8 Double 0 0 ,First,#,\\nasgisnp\EntGIS\gw_gis\GW_GIS\Projects\Spring_2013\Work.gdb\Spring_2013_20140627_NoDupNoBunk,CLC_WSEL,-1,-1;DGBS "DGBS" true true false 8 Double 0 0 ,First,#,\\nasgisnp\EntGIS\gw_gis\GW_GIS\Projects\Spring_2013\Work.gdb\Spring_2013_20140627_NoDupNoBunk,CLC_DGBS,-1,-1;RP_Elevation "Reference_Point_Elevation" true true false 8 Double 0 0 ,First,#,\\nasgisnp\EntGIS\gw_gis\GW_GIS\Projects\Spring_2013\Work.gdb\Spring_2013_20140627_NoDupNoBunk,WLM_REFERENCE_POINT_ELEVATION,-1,-1;GS_Elevation "Ground_Surface_Elevation" true true false 8 Double 0 0 ,First,#,\\nasgisnp\EntGIS\gw_gis\GW_GIS\Projects\Spring_2013\Work.gdb\Spring_2013_20140627_NoDupNoBunk,WLM_GROUND_SURFACE_ELEVATION,-1,-1;Msmt_Method "Msmt_Method" true true false 8 Double 0 0 ,First,#,\\nasgisnp\EntGIS\gw_gis\GW_GIS\Projects\Spring_2013\Work.gdb\Spring_2013_20140627_NoDupNoBunk,WLM_ELEV_MEASURE_METHOD_TYPE,-1,-1;Msmt_Issue "Msmt_Issue" true true false 8 Double 0 0 ,First,#,\\nasgisnp\EntGIS\gw_gis\GW_GIS\Projects\Spring_2013\Work.gdb\Spring_2013_20140627_NoDupNoBunk,WLM_MEASUREMENT_ISSUE_TYPE,-1,-1;Msmt_Comment "Msmt_Comment" true true false 500 Text 0 0 ,First,#,\\nasgisnp\EntGIS\gw_gis\GW_GIS\Projects\Spring_2013\Work.gdb\Spring_2013_20140627_NoDupNoBunk,WLM_COMMENTS,-1,-1;Latitude "Latitude" true true false 8 Double 0 0 ,First,#,\\nasgisnp\EntGIS\gw_gis\GW_GIS\Projects\Spring_2013\Work.gdb\Spring_2013_20140627_NoDupNoBunk,STN_LATITUDE,-1,-1;Longitude "Longitude" true true false 8 Double 0 0 ,First,#,\\nasgisnp\EntGIS\gw_gis\GW_GIS\Projects\Spring_2013\Work.gdb\Spring_2013_20140627_NoDupNoBunk,STN_LONGITUDE,-1,-1;CASGEM_ID "CASGEM_ID" true true false 8 Double 0 0 ,First,#,\\nasgisnp\EntGIS\gw_gis\GW_GIS\Projects\Spring_2013\Work.gdb\Spring_2013_20140627_NoDupNoBunk,STN_CASGEM_STATION_ID,-1,-1" #</Process><Process ToolSource="c:\program files (x86)\arcgis\desktop10.2\ArcToolbox\Toolboxes\Data Management Tools.tbx\Project" Date="20140708" Time="144023">Project \\nasgisnp\EntGIS\Cadre\GGI\GGI_SERVICES.gdb\Temp_Points_deleteme \\nasgisnp\EntGIS\Cadre\GGI\GGI_SERVICES.gdb\S2013_WSEL_Points PROJCS['WGS_1984_Web_Mercator_Auxiliary_Sphere',GEOGCS['GCS_WGS_1984',DATUM['D_WGS_1984',SPHEROID['WGS_1984',6378137.0,298.257223563]],PRIMEM['Greenwich',0.0],UNIT['Degree',0.0174532925199433]],PROJECTION['Mercator_Auxiliary_Sphere'],PARAMETER['False_Easting',0.0],PARAMETER['False_Northing',0.0],PARAMETER['Central_Meridian',0.0],PARAMETER['Standard_Parallel_1',0.0],PARAMETER['Auxiliary_Sphere_Type',0.0],UNIT['Meter',1.0]] NAD_1983_To_WGS_1984_5 PROJCS['NAD_1983_California_Teale_Albers',GEOGCS['GCS_North_American_1983',DATUM['D_North_American_1983',SPHEROID['GRS_1980',6378137.0,298.257222101]],PRIMEM['Greenwich',0.0],UNIT['Degree',0.0174532925199433]],PROJECTION['Albers'],PARAMETER['False_Easting',0.0],PARAMETER['False_Northing',-4000000.0],PARAMETER['Central_Meridian',-120.0],PARAMETER['Standard_Parallel_1',34.0],PARAMETER['Standard_Parallel_2',40.5],PARAMETER['Latitude_Of_Origin',0.0],UNIT['Meter',1.0]]</Process><Process ToolSource="c:\program files (x86)\arcgis\desktop10.2\ArcToolbox\Toolboxes\Data Management Tools.tbx\AddField" Date="20140708" Time="144031">AddField \\nasgisnp\EntGIS\Cadre\GGI\GGI_SERVICES.gdb\S2013_WSEL_Points Link_to_WDL_page TEXT # # 100 Link NULLABLE NON_REQUIRED #</Process><Process ToolSource="c:\program files (x86)\arcgis\desktop10.2\ArcToolbox\Toolboxes\Data Management Tools.tbx\CalculateField" Date="20140708" Time="144037">CalculateField \\nasgisnp\EntGIS\Cadre\GGI\GGI_SERVICES.gdb\S2013_WSEL_Points Link_to_WDL_page "http://www.water.ca.gov/waterdatalibrary/groundwater/hydrographs/brr_hydro.cfm?CFGRIDKEY="&amp;[CASGEM_ID] VB #</Process><Process ToolSource="c:\program files (x86)\arcgis\desktop10.2\ArcToolbox\Toolboxes\Data Management Tools.tbx\DeleteField" Date="20140708" Time="144042">DeleteField \\nasgisnp\EntGIS\Cadre\GGI\GGI_SERVICES.gdb\S2013_WSEL_Points CASGEM_ID</Process><Process ToolSource="c:\program files (x86)\arcgis\desktop10.2\ArcToolbox\Toolboxes\Data Management Tools.tbx\AssignDomainToField" Date="20140708" Time="144047">AssignDomainToField \\nasgisnp\EntGIS\Cadre\GGI\GGI_SERVICES.gdb\S2013_WSEL_Points Well_Use STATION_USE #</Process><Process ToolSource="c:\program files (x86)\arcgis\desktop10.2\ArcToolbox\Toolboxes\Data Management Tools.tbx\AssignDomainToField" Date="20140708" Time="144052">AssignDomainToField \\nasgisnp\EntGIS\Cadre\GGI\GGI_SERVICES.gdb\S2013_WSEL_Points Msmt_Agency ORGANIZATION #</Process><Process ToolSource="c:\program files (x86)\arcgis\desktop10.2\ArcToolbox\Toolboxes\Data Management Tools.tbx\AssignDomainToField" Date="20140708" Time="144057">AssignDomainToField \\nasgisnp\EntGIS\Cadre\GGI\GGI_SERVICES.gdb\S2013_WSEL_Points Msmt_Issue WLM_MEASUREMENT_ISSUE #</Process><Process ToolSource="c:\program files (x86)\arcgis\desktop10.2\ArcToolbox\Toolboxes\Data Management Tools.tbx\AssignDomainToField" Date="20140708" Time="144103">AssignDomainToField \\nasgisnp\EntGIS\Cadre\GGI\GGI_SERVICES.gdb\S2013_WSEL_Points Msmt_Method MEASUREMENT_METHOD #</Process></lineage><itemProps><itemName Sync="TRUE">Temp_Points_deleteme</itemName><imsContentType Sync="TRUE">002</imsContentType><itemLocation><linkage Sync="TRUE">file://\\nasgisnp\EntGIS\Cadre\GGI\GGI_SERVICES.gdb</linkage><protocol Sync="TRUE">Local Area Network</protocol></itemLocation></itemProps><coordRef><type Sync="TRUE">Projected</type><geogcsn Sync="TRUE">GCS_North_American_1983</geogcsn><csUnits Sync="TRUE">Linear Unit: Meter (1.000000)</csUnits><projcsn Sync="TRUE">NAD_1983_California_Teale_Albers</projcsn><peXml Sync="TRUE">&lt;ProjectedCoordinateSystem xsi:type='typens:ProjectedCoordinateSystem' xmlns:xsi='http://www.w3.org/2001/XMLSchema-instance' xmlns:xs='http://www.w3.org/2001/XMLSchema' xmlns:typens='http://www.esri.com/schemas/ArcGIS/10.1'&gt;&lt;WKT&gt;PROJCS[&amp;quot;NAD_1983_California_Teale_Albers&amp;quot;,GEOGCS[&amp;quot;GCS_North_American_1983&amp;quot;,DATUM[&amp;quot;D_North_American_1983&amp;quot;,SPHEROID[&amp;quot;GRS_1980&amp;quot;,6378137.0,298.257222101]],PRIMEM[&amp;quot;Greenwich&amp;quot;,0.0],UNIT[&amp;quot;Degree&amp;quot;,0.0174532925199433]],PROJECTION[&amp;quot;Albers&amp;quot;],PARAMETER[&amp;quot;False_Easting&amp;quot;,0.0],PARAMETER[&amp;quot;False_Northing&amp;quot;,-4000000.0],PARAMETER[&amp;quot;Central_Meridian&amp;quot;,-120.0],PARAMETER[&amp;quot;Standard_Parallel_1&amp;quot;,34.0],PARAMETER[&amp;quot;Standard_Parallel_2&amp;quot;,40.5],PARAMETER[&amp;quot;Latitude_Of_Origin&amp;quot;,0.0],UNIT[&amp;quot;Meter&amp;quot;,1.0],AUTHORITY[&amp;quot;EPSG&amp;quot;,3310]]&lt;/WKT&gt;&lt;XOrigin&gt;-16909700&lt;/XOrigin&gt;&lt;YOrigin&gt;-8597000&lt;/YOrigin&gt;&lt;XYScale&gt;10000&lt;/XYScale&gt;&lt;ZOrigin&gt;-100000&lt;/ZOrigin&gt;&lt;ZScale&gt;10000&lt;/ZScale&gt;&lt;MOrigin&gt;-100000&lt;/MOrigin&gt;&lt;MScale&gt;10000&lt;/MScale&gt;&lt;XYTolerance&gt;0.001&lt;/XYTolerance&gt;&lt;ZTolerance&gt;0.001&lt;/ZTolerance&gt;&lt;MTolerance&gt;0.001&lt;/MTolerance&gt;&lt;HighPrecision&gt;true&lt;/HighPrecision&gt;&lt;WKID&gt;3310&lt;/WKID&gt;&lt;LatestWKID&gt;3310&lt;/LatestWKID&gt;&lt;/ProjectedCoordinateSystem&gt;</peXml></coordRef></DataProperties><SyncDate>20140708</SyncDate><SyncTime>14400700</SyncTime><ModDate>20140708</ModDate><ModTime>14400700</ModTime></Esri><dataIdInfo><envirDesc Sync="TRUE">Microsoft Windows 7 Version 6.1 (Build 7601) Service Pack 1; Esri ArcGIS 10.2.0.3348</envirDesc><dataLang><languageCode value="eng" Sync="TRUE"></languageCode><countryCode value="USA" Sync="TRUE"></countryCode></dataLang><idCitation><resTitle Sync="TRUE">Temp_Points_deleteme</resTitle><presForm><PresFormCd value="005" Sync="TRUE"></PresFormCd></presForm></idCitation><spatRpType><SpatRepTypCd value="001" Sync="TRUE"></SpatRepTypCd></spatRpType></dataIdInfo><mdLang><languageCode value="eng" Sync="TRUE"></languageCode><countryCode value="USA" Sync="TRUE"></countryCode></mdLang><distInfo><distFormat><formatName Sync="TRUE">File Geodatabase Feature Class</formatName></distFormat></distInfo><mdHrLv><ScopeCd value="005" Sync="TRUE"></ScopeCd></mdHrLv><mdHrLvName Sync="TRUE">dataset</mdHrLvName><refSysInfo><RefSystem><refSysID><identCode code="3310" Sync="TRUE"></identCode><idCodeSpace Sync="TRUE">EPSG</idCodeSpace><idVersion Sync="TRUE">8.1.1</idVersion></refSysID></RefSystem></refSysInfo><spatRepInfo><VectSpatRep><geometObjs Name="Temp_Points_deleteme"><geoObjTyp><GeoObjTypCd value="004" Sync="TRUE"></GeoObjTypCd></geoObjTyp><geoObjCnt Sync="TRUE">0</geoObjCnt></geometObjs><topLvl><TopoLevCd value="001" Sync="TRUE"></TopoLevCd></topLvl></VectSpatRep></spatRepInfo><spdoinfo><ptvctinf><esriterm Name="Temp_Points_deleteme"><efeatyp Sync="TRUE">Simple</efeatyp><efeageom code="1" Sync="TRUE"></efeageom><esritopo Sync="TRUE">FALSE</esritopo><efeacnt Sync="TRUE">0</efeacnt><spindex Sync="TRUE">TRUE</spindex><linrefer Sync="TRUE">FALSE</linrefer></esriterm></ptvctinf></spdoinfo><eainfo><detailed Name="Temp_Points_deleteme"><enttyp><enttypl Sync="TRUE">Temp_Points_deleteme</enttypl><enttypt Sync="TRUE">Feature Class</enttypt><enttypc Sync="TRUE">0</enttypc></enttyp><attr><attrlabl Sync="TRUE">OBJECTID</attrlabl><attalias Sync="TRUE">OBJECTID</attalias><attrtype Sync="TRUE">OID</attrtype><attwidth Sync="TRUE">4</attwidth><atprecis Sync="TRUE">0</atprecis><attscale Sync="TRUE">0</attscale><attrdef Sync="TRUE">Internal feature number.</attrdef><attrdefs Sync="TRUE">Esri</attrdefs><attrdomv><udom Sync="TRUE">Sequential unique whole numbers that are automatically generated.</udom></attrdomv></attr><attr><attrlabl Sync="TRUE">SHAPE</attrlabl><attalias Sync="TRUE">Shape</attalias><attrtype Sync="TRUE">Geometry</attrtype><attwidth Sync="TRUE">0</attwidth><atprecis Sync="TRUE">0</atprecis><attscale Sync="TRUE">0</attscale><attrdef Sync="TRUE">Feature geometry.</attrdef><attrdefs Sync="TRUE">Esri</attrdefs><attrdomv><udom Sync="TRUE">Coordinates defining the features.</udom></attrdomv></attr><attr><attrlabl Sync="TRUE">Site_Code</attrlabl><attalias Sync="TRUE">Site_Code</attalias><attrtype Sync="TRUE">String</attrtype><attwidth Sync="TRUE">30</attwidth><atprecis Sync="TRUE">0</atprecis><attscale Sync="TRUE">0</attscale></attr><attr><attrlabl Sync="TRUE">Local_Well_Name</attrlabl><attalias Sync="TRUE">Local_Well_Name</attalias><attrtype Sync="TRUE">String</attrtype><attwidth Sync="TRUE">100</attwidth><atprecis Sync="TRUE">0</atprecis><attscale Sync="TRUE">0</attscale></attr><attr><attrlabl Sync="TRUE">State_Well_Number</attrlabl><attalias Sync="TRUE">State_Well_Number</attalias><attrtype Sync="TRUE">String</attrtype><attwidth Sync="TRUE">15</attwidth><atprecis Sync="TRUE">0</atprecis><attscale Sync="TRUE">0</attscale></attr><attr><attrlabl Sync="TRUE">WCR_Number</attrlabl><attalias Sync="TRUE">WCR_Number</attalias><attrtype Sync="TRUE">String</attrtype><attwidth Sync="TRUE">15</attwidth><atprecis Sync="TRUE">0</atprecis><attscale Sync="TRUE">0</attscale></attr><attr><attrlabl Sync="TRUE">Well_Use</attrlabl><attalias Sync="TRUE">Well_Use</attalias><attrtype Sync="TRUE">Double</attrtype><attwidth Sync="TRUE">8</attwidth><atprecis Sync="TRUE">0</atprecis><attscale Sync="TRUE">0</attscale></attr><attr><attrlabl Sync="TRUE">Msmt_Date</attrlabl><attalias Sync="TRUE">Msmt_Date</attalias><attrtype Sync="TRUE">Date</attrtype><attwidth Sync="TRUE">8</attwidth><atprecis Sync="TRUE">0</atprecis><attscale Sync="TRUE">0</attscale></attr><attr><attrlabl Sync="TRUE">Msmt_Agency</attrlabl><attalias Sync="TRUE">Msmt_Agency</attalias><attrtype Sync="TRUE">Double</attrtype><attwidth Sync="TRUE">8</attwidth><atprecis Sync="TRUE">0</atprecis><attscale Sync="TRUE">0</attscale></attr><attr><attrlabl Sync="TRUE">WSEL</attrlabl><attalias Sync="TRUE">WSEL</attalias><attrtype Sync="TRUE">Double</attrtype><attwidth Sync="TRUE">8</attwidth><atprecis Sync="TRUE">0</atprecis><attscale Sync="TRUE">0</attscale></attr><attr><attrlabl Sync="TRUE">DGBS</attrlabl><attalias Sync="TRUE">DGBS</attalias><attrtype Sync="TRUE">Double</attrtype><attwidth Sync="TRUE">8</attwidth><atprecis Sync="TRUE">0</atprecis><attscale Sync="TRUE">0</attscale></attr><attr><attrlabl Sync="TRUE">RP_Elevation</attrlabl><attalias Sync="TRUE">Reference_Point_Elevation</attalias><attrtype Sync="TRUE">Double</attrtype><attwidth Sync="TRUE">8</attwidth><atprecis Sync="TRUE">0</atprecis><attscale Sync="TRUE">0</attscale></attr><attr><attrlabl Sync="TRUE">GS_Elevation</attrlabl><attalias Sync="TRUE">Ground_Surface_Elevation</attalias><attrtype Sync="TRUE">Double</attrtype><attwidth Sync="TRUE">8</attwidth><atprecis Sync="TRUE">0</atprecis><attscale Sync="TRUE">0</attscale></attr><attr><attrlabl Sync="TRUE">Msmt_Method</attrlabl><attalias Sync="TRUE">Msmt_Method</attalias><attrtype Sync="TRUE">Double</attrtype><attwidth Sync="TRUE">8</attwidth><atprecis Sync="TRUE">0</atprecis><attscale Sync="TRUE">0</attscale></attr><attr><attrlabl Sync="TRUE">Msmt_Issue</attrlabl><attalias Sync="TRUE">Msmt_Issue</attalias><attrtype Sync="TRUE">Double</attrtype><attwidth Sync="TRUE">8</attwidth><atprecis Sync="TRUE">0</atprecis><attscale Sync="TRUE">0</attscale></attr><attr><attrlabl Sync="TRUE">Msmt_Comment</attrlabl><attalias Sync="TRUE">Msmt_Comment</attalias><attrtype Sync="TRUE">String</attrtype><attwidth Sync="TRUE">500</attwidth><atprecis Sync="TRUE">0</atprecis><attscale Sync="TRUE">0</attscale></attr><attr><attrlabl Sync="TRUE">Latitude</attrlabl><attalias Sync="TRUE">Latitude</attalias><attrtype Sync="TRUE">Double</attrtype><attwidth Sync="TRUE">8</attwidth><atprecis Sync="TRUE">0</atprecis><attscale Sync="TRUE">0</attscale></attr><attr><attrlabl Sync="TRUE">Longitude</attrlabl><attalias Sync="TRUE">Longitude</attalias><attrtype Sync="TRUE">Double</attrtype><attwidth Sync="TRUE">8</attwidth><atprecis Sync="TRUE">0</atprecis><attscale Sync="TRUE">0</attscale></attr><attr><attrlabl Sync="TRUE">CASGEM_ID</attrlabl><attalias Sync="TRUE">CASGEM_ID</attalias><attrtype Sync="TRUE">Double</attrtype><attwidth Sync="TRUE">8</attwidth><atprecis Sync="TRUE">0</atprecis><attscale Sync="TRUE">0</attscale></attr></detailed></eainfo><mdDateSt Sync="TRUE">20140708</mdDateSt></metadata>
