<?xml version="1.0" encoding="UTF-8"?>
<metadata xml:lang="en"><Esri><CreaDate>20140617</CreaDate><CreaTime>08105800</CreaTime><ArcGISFormat>1.0</ArcGISFormat><SyncOnce>FALSE</SyncOnce><DataProperties><lineage><Process ToolSource="c:\program files (x86)\arcgis\desktop10.2\ArcToolbox\Toolboxes\Data Management Tools.tbx\CopyFeatures" Date="20140430" Time="091300">CopyFeatures secondJoinLyr2 \\nasgisnp\EntGIS\gw_gis\GW_GIS\Projects\BBREW_Projects\DotMaps_20140428\Work.gdb\S2012_S2002_20140429Final # 0 0 0</Process><Process ToolSource="c:\program files (x86)\arcgis\desktop10.2\ArcToolbox\Toolboxes\Data Management Tools.tbx\CalculateField" Date="20140430" Time="091357">CalculateField \\nasgisnp\EntGIS\gw_gis\GW_GIS\Projects\BBREW_Projects\DotMaps_20140428\Work.gdb\S2012_S2002_20140429AllWellsDissolved_lyr IsDirect 1 VB #</Process><Process ToolSource="c:\program files (x86)\arcgis\desktop10.2\ArcToolbox\Toolboxes\3D Analyst Tools.tbx\AddSurfaceInformation" Date="20140430" Time="091404">AddSurfaceInformation \\nasgisnp\EntGIS\gw_gis\GW_GIS\Projects\BBREW_Projects\DotMaps_20140428\Work.gdb\S2012_S2002_20140429AllWellsDissolved_lyr \\nasgisnp\EntGIS\gw_gis\GW_GIS\Projects\BBREW_Projects\DotMaps_20140428\TINs\ScratchEarlyTIN Z LINEAR # 1 0 NO_FILTER</Process><Process ToolSource="c:\program files (x86)\arcgis\desktop10.2\ArcToolbox\Toolboxes\Data Management Tools.tbx\CalculateField" Date="20140430" Time="091408">CalculateField \\nasgisnp\EntGIS\gw_gis\GW_GIS\Projects\BBREW_Projects\DotMaps_20140428\Work.gdb\S2012_S2002_20140429AllWellsDissolved_lyr EarlyZValue [Z] VB #</Process><Process ToolSource="c:\program files (x86)\arcgis\desktop10.2\ArcToolbox\Toolboxes\Data Management Tools.tbx\CalculateField" Date="20140430" Time="091411">CalculateField \\nasgisnp\EntGIS\gw_gis\GW_GIS\Projects\BBREW_Projects\DotMaps_20140428\Work.gdb\S2012_S2002_20140429AllWellsDissolved_lyr Z Null VB #</Process><Process ToolSource="c:\program files (x86)\arcgis\desktop10.2\ArcToolbox\Toolboxes\3D Analyst Tools.tbx\AddSurfaceInformation" Date="20140430" Time="091416">AddSurfaceInformation \\nasgisnp\EntGIS\gw_gis\GW_GIS\Projects\BBREW_Projects\DotMaps_20140428\Work.gdb\S2012_S2002_20140429AllWellsDissolved_lyr \\nasgisnp\EntGIS\gw_gis\GW_GIS\Projects\BBREW_Projects\DotMaps_20140428\TINs\ScratchLateTIN Z LINEAR # 1 0 NO_FILTER</Process><Process ToolSource="c:\program files (x86)\arcgis\desktop10.2\ArcToolbox\Toolboxes\Data Management Tools.tbx\CalculateField" Date="20140430" Time="091420">CalculateField \\nasgisnp\EntGIS\gw_gis\GW_GIS\Projects\BBREW_Projects\DotMaps_20140428\Work.gdb\S2012_S2002_20140429AllWellsDissolved_lyr LateZValue [Z] VB #</Process><Process ToolSource="c:\program files (x86)\arcgis\desktop10.2\ArcToolbox\Toolboxes\Data Management Tools.tbx\CalculateField" Date="20140430" Time="091422">CalculateField \\nasgisnp\EntGIS\gw_gis\GW_GIS\Projects\BBREW_Projects\DotMaps_20140428\Work.gdb\S2012_S2002_20140429AllWellsDissolved_lyr EarlyZValue [E_CLC_WSEL] VB #</Process><Process ToolSource="c:\program files (x86)\arcgis\desktop10.2\ArcToolbox\Toolboxes\Data Management Tools.tbx\CalculateField" Date="20140430" Time="091425">CalculateField \\nasgisnp\EntGIS\gw_gis\GW_GIS\Projects\BBREW_Projects\DotMaps_20140428\Work.gdb\S2012_S2002_20140429AllWellsDissolved_lyr LateZValue [L_CLC_WSEL] VB #</Process><Process ToolSource="c:\program files (x86)\arcgis\desktop10.2\ArcToolbox\Toolboxes\Data Management Tools.tbx\CalculateField" Date="20140430" Time="091430">CalculateField \\nasgisnp\EntGIS\gw_gis\GW_GIS\Projects\BBREW_Projects\DotMaps_20140428\Work.gdb\S2012_S2002_20140429AllWellsDissolved_lyr Difference "[LateZValue] - [EarlyZValue]" VB #</Process><Process ToolSource="c:\program files (x86)\arcgis\desktop10.2\ArcToolbox\Toolboxes\Data Management Tools.tbx\CopyFeatures" Date="20140430" Time="091448">CopyFeatures \\nasgisnp\EntGIS\gw_gis\GW_GIS\Projects\BBREW_Projects\DotMaps_20140428\Work.gdb\S2012_S2002_20140429AllWellsDissolved_lyr \\nasgisnp\EntGIS\gw_gis\GW_GIS\Projects\BBREW_Projects\DotMaps_20140428\Work.gdb\S2012_S2002_20140429AllWells_Final # 0 0 0</Process><Process ToolSource="c:\program files (x86)\arcgis\desktop10.2\ArcToolbox\Toolboxes\Data Management Tools.tbx\DeleteField" Date="20140430" Time="091451">DeleteField \\nasgisnp\EntGIS\gw_gis\GW_GIS\Projects\BBREW_Projects\DotMaps_20140428\Work.gdb\S2012_S2002_20140429AllWells_Final OBJECTID_1</Process><Process ToolSource="c:\program files (x86)\arcgis\desktop10.2\ArcToolbox\Toolboxes\Data Management Tools.tbx\DeleteField" Date="20140430" Time="091455">DeleteField \\nasgisnp\EntGIS\gw_gis\GW_GIS\Projects\BBREW_Projects\DotMaps_20140428\Work.gdb\S2012_S2002_20140429AllWells_Final Z</Process><Process Name="Project" ToolSource="c:\program files (x86)\arcgis\desktop10.2\ArcToolbox\Toolboxes\Data Management Tools.tbx\Project" Date="20140616" Time="115324">Project "S2012_S2002_20140429 ChangeDot\Groundwater Level Change" \\nasgisnp\EntGIS\Cadre\GGI\GGI_SERVICES.gdb\temp_change_pts PROJCS['WGS_1984_Web_Mercator_Auxiliary_Sphere',GEOGCS['GCS_WGS_1984',DATUM['D_WGS_1984',SPHEROID['WGS_1984',6378137.0,298.257223563]],PRIMEM['Greenwich',0.0],UNIT['Degree',0.0174532925199433]],PROJECTION['Mercator_Auxiliary_Sphere'],PARAMETER['False_Easting',0.0],PARAMETER['False_Northing',0.0],PARAMETER['Central_Meridian',0.0],PARAMETER['Standard_Parallel_1',0.0],PARAMETER['Auxiliary_Sphere_Type',0.0],UNIT['Meter',1.0]] NAD_1983_To_WGS_1984_5 PROJCS['NAD_1983_California_Teale_Albers',GEOGCS['GCS_North_American_1983',DATUM['D_North_American_1983',SPHEROID['GRS_1980',6378137.0,298.257222101]],PRIMEM['Greenwich',0.0],UNIT['Degree',0.0174532925199433]],PROJECTION['Albers'],PARAMETER['False_Easting',0.0],PARAMETER['False_Northing',-4000000.0],PARAMETER['Central_Meridian',-120.0],PARAMETER['Standard_Parallel_1',34.0],PARAMETER['Standard_Parallel_2',40.5],PARAMETER['Latitude_Of_Origin',0.0],UNIT['Meter',1.0]]</Process><Process Name="Feature Class to Feature Class" ToolSource="c:\program files (x86)\arcgis\desktop10.2\ArcToolbox\Toolboxes\Conversion Tools.tbx\FeatureClassToFeatureClass" Date="20140616" Time="115340">FeatureClassToFeatureClass \\nasgisnp\EntGIS\Cadre\GGI\GGI_SERVICES.gdb\temp_change_pts \\nasgisnp\EntGIS\Cadre\GGI\GGI_SERVICES.gdb S2012_10yr_pts "IsDirect = 1" "Site_Code "MST_SITE_CODE" true true false 30 Text 0 0 ,First,#,\\nasgisnp\EntGIS\Cadre\GGI\GGI_SERVICES.gdb\temp_change_pts,MST_SITE_CODE,-1,-1;Elevation_Change "Difference" true true false 8 Double 0 0 ,First,#,\\nasgisnp\EntGIS\Cadre\GGI\GGI_SERVICES.gdb\temp_change_pts,Difference,-1,-1;IsDirect "IsDirect" true true false 2 Short 0 0 ,First,#,\\nasgisnp\EntGIS\Cadre\GGI\GGI_SERVICES.gdb\temp_change_pts,IsDirect,-1,-1;Early_WSEL "E_CLC_WSEL" true true false 8 Double 0 0 ,First,#,\\nasgisnp\EntGIS\Cadre\GGI\GGI_SERVICES.gdb\temp_change_pts,E_CLC_WSEL,-1,-1;Late_WSEL "L_CLC_WSEL" true true false 8 Double 0 0 ,First,#,\\nasgisnp\EntGIS\Cadre\GGI\GGI_SERVICES.gdb\temp_change_pts,L_CLC_WSEL,-1,-1;State_Well_Number "STN_STATE_WELL_NBR" true true false 15 Text 0 0 ,First,#,\\nasgisnp\EntGIS\Cadre\GGI\GGI_SERVICES.gdb\temp_change_pts,STN_STATE_WELL_NBR,-1,-1;Local_Well_Name "STN_LOCAL_WELL_DESIGNATION" true true false 100 Text 0 0 ,First,#,\\nasgisnp\EntGIS\Cadre\GGI\GGI_SERVICES.gdb\temp_change_pts,STN_LOCAL_WELL_DESIGNATION,-1,-1;STN_WELL_TYPE "STN_WELL_TYPE" true true false 8 Double 0 0 ,First,#,\\nasgisnp\EntGIS\Cadre\GGI\GGI_SERVICES.gdb\temp_change_pts,STN_WELL_TYPE,-1,-1;STN_WELL_USE "STN_WELL_USE" true true false 8 Double 0 0 ,First,#,\\nasgisnp\EntGIS\Cadre\GGI\GGI_SERVICES.gdb\temp_change_pts,STN_WELL_USE,-1,-1;Well_Completion_Report_Number "STN_COMPLETION_RPT_NBR" true true false 15 Text 0 0 ,First,#,\\nasgisnp\EntGIS\Cadre\GGI\GGI_SERVICES.gdb\temp_change_pts,STN_COMPLETION_RPT_NBR,-1,-1;Early_WSEL_MSMT_Date "E_WLM_MEASUREMENT_DT" true true false 8 Date 0 0 ,First,#,\\nasgisnp\EntGIS\Cadre\GGI\GGI_SERVICES.gdb\temp_change_pts,E_WLM_MEASUREMENT_DT,-1,-1;E_WLM_ORG "E_WLM_ORG" true true false 8 Double 0 0 ,First,#,\\nasgisnp\EntGIS\Cadre\GGI\GGI_SERVICES.gdb\temp_change_pts,E_WLM_ORG,-1,-1;E_WLM_COOP_AGENCY_ORG "E_WLM_COOP_AGENCY_ORG" true true false 8 Double 0 0 ,First,#,\\nasgisnp\EntGIS\Cadre\GGI\GGI_SERVICES.gdb\temp_change_pts,E_WLM_COOP_AGENCY_ORG,-1,-1;Early_DBGS "E_CLC_DGBS" true true false 8 Double 0 0 ,First,#,\\nasgisnp\EntGIS\Cadre\GGI\GGI_SERVICES.gdb\temp_change_pts,E_CLC_DGBS,-1,-1;Early_GROUND_SURFACE_ELEVATION "E_WLM_GROUND_SURFACE_ELEVATION" true true false 8 Double 0 0 ,First,#,\\nasgisnp\EntGIS\Cadre\GGI\GGI_SERVICES.gdb\temp_change_pts,E_WLM_GROUND_SURFACE_ELEVATION,-1,-1;Early_WL_Measurement_Method "E_WLM_ELEV_MEASURE_METHOD_TYPE" true true false 8 Double 0 0 ,First,#,\\nasgisnp\EntGIS\Cadre\GGI\GGI_SERVICES.gdb\temp_change_pts,E_WLM_ELEV_MEASURE_METHOD_TYPE,-1,-1;Early_WL_Measurement_Issue "E_WLM_MEASUREMENT_ISSUE_TYPE" true true false 8 Double 0 0 ,First,#,\\nasgisnp\EntGIS\Cadre\GGI\GGI_SERVICES.gdb\temp_change_pts,E_WLM_MEASUREMENT_ISSUE_TYPE,-1,-1;Late_WSEL_MSMT_Date "L_WLM_MEASUREMENT_DT" true true false 8 Date 0 0 ,First,#,\\nasgisnp\EntGIS\Cadre\GGI\GGI_SERVICES.gdb\temp_change_pts,L_WLM_MEASUREMENT_DT,-1,-1;L_WLM_ORG "L_WLM_ORG" true true false 8 Double 0 0 ,First,#,\\nasgisnp\EntGIS\Cadre\GGI\GGI_SERVICES.gdb\temp_change_pts,L_WLM_ORG,-1,-1;L_WLM_COOP_AGENCY_ORG "L_WLM_COOP_AGENCY_ORG" true true false 8 Double 0 0 ,First,#,\\nasgisnp\EntGIS\Cadre\GGI\GGI_SERVICES.gdb\temp_change_pts,L_WLM_COOP_AGENCY_ORG,-1,-1;Late_DGBS "L_CLC_DGBS" true true false 8 Double 0 0 ,First,#,\\nasgisnp\EntGIS\Cadre\GGI\GGI_SERVICES.gdb\temp_change_pts,L_CLC_DGBS,-1,-1;Late_GROUND_SURFACE_ELEVATION "L_WLM_GROUND_SURFACE_ELEVATION" true true false 8 Double 0 0 ,First,#,\\nasgisnp\EntGIS\Cadre\GGI\GGI_SERVICES.gdb\temp_change_pts,L_WLM_GROUND_SURFACE_ELEVATION,-1,-1;Late_WL_Measurement_Method "L_WLM_ELEV_MEASURE_METHOD_TYPE" true true false 8 Double 0 0 ,First,#,\\nasgisnp\EntGIS\Cadre\GGI\GGI_SERVICES.gdb\temp_change_pts,L_WLM_ELEV_MEASURE_METHOD_TYPE,-1,-1;Late_WL_Measurement_Issue "L_WLM_MEASUREMENT_ISSUE_TYPE" true true false 8 Double 0 0 ,First,#,\\nasgisnp\EntGIS\Cadre\GGI\GGI_SERVICES.gdb\temp_change_pts,L_WLM_MEASUREMENT_ISSUE_TYPE,-1,-1" #</Process></lineage><itemProps><itemName Sync="TRUE">S2012_10yr_pts</itemName><imsContentType Sync="TRUE">002</imsContentType><itemLocation><linkage Sync="TRUE">file://\\nasgisnp\EntGIS\Cadre\GGI\GGI_SERVICES.gdb</linkage><protocol Sync="TRUE">Local Area Network</protocol></itemLocation></itemProps><coordRef><type Sync="TRUE">Projected</type><geogcsn Sync="TRUE">GCS_WGS_1984</geogcsn><csUnits Sync="TRUE">Linear Unit: Meter (1.000000)</csUnits><projcsn Sync="TRUE">WGS_1984_Web_Mercator_Auxiliary_Sphere</projcsn><peXml Sync="TRUE">&lt;ProjectedCoordinateSystem xsi:type='typens:ProjectedCoordinateSystem' xmlns:xsi='http://www.w3.org/2001/XMLSchema-instance' xmlns:xs='http://www.w3.org/2001/XMLSchema' xmlns:typens='http://www.esri.com/schemas/ArcGIS/10.1'&gt;&lt;WKT&gt;PROJCS[&amp;quot;WGS_1984_Web_Mercator_Auxiliary_Sphere&amp;quot;,GEOGCS[&amp;quot;GCS_WGS_1984&amp;quot;,DATUM[&amp;quot;D_WGS_1984&amp;quot;,SPHEROID[&amp;quot;WGS_1984&amp;quot;,6378137.0,298.257223563]],PRIMEM[&amp;quot;Greenwich&amp;quot;,0.0],UNIT[&amp;quot;Degree&amp;quot;,0.0174532925199433]],PROJECTION[&amp;quot;Mercator_Auxiliary_Sphere&amp;quot;],PARAMETER[&amp;quot;False_Easting&amp;quot;,0.0],PARAMETER[&amp;quot;False_Northing&amp;quot;,0.0],PARAMETER[&amp;quot;Central_Meridian&amp;quot;,0.0],PARAMETER[&amp;quot;Standard_Parallel_1&amp;quot;,0.0],PARAMETER[&amp;quot;Auxiliary_Sphere_Type&amp;quot;,0.0],UNIT[&amp;quot;Meter&amp;quot;,1.0],AUTHORITY[&amp;quot;EPSG&amp;quot;,3857]]&lt;/WKT&gt;&lt;XOrigin&gt;-20037700&lt;/XOrigin&gt;&lt;YOrigin&gt;-30241100&lt;/YOrigin&gt;&lt;XYScale&gt;10000&lt;/XYScale&gt;&lt;ZOrigin&gt;-100000&lt;/ZOrigin&gt;&lt;ZScale&gt;10000&lt;/ZScale&gt;&lt;MOrigin&gt;-100000&lt;/MOrigin&gt;&lt;MScale&gt;10000&lt;/MScale&gt;&lt;XYTolerance&gt;0.001&lt;/XYTolerance&gt;&lt;ZTolerance&gt;0.001&lt;/ZTolerance&gt;&lt;MTolerance&gt;0.001&lt;/MTolerance&gt;&lt;HighPrecision&gt;true&lt;/HighPrecision&gt;&lt;WKID&gt;102100&lt;/WKID&gt;&lt;LatestWKID&gt;3857&lt;/LatestWKID&gt;&lt;/ProjectedCoordinateSystem&gt;</peXml></coordRef></DataProperties><SyncDate>20140616</SyncDate><SyncTime>11533500</SyncTime><ModDate>20140616</ModDate><ModTime>11533500</ModTime></Esri><dataIdInfo><envirDesc Sync="TRUE">Microsoft Windows 7 Version 6.1 (Build 7601) Service Pack 1; Esri ArcGIS 10.2.0.3348</envirDesc><dataLang><languageCode value="eng" Sync="TRUE"></languageCode><countryCode value="USA" Sync="TRUE"></countryCode></dataLang><idCitation><resTitle Sync="TRUE">S2012_10yr_pts</resTitle><presForm><PresFormCd value="005" Sync="TRUE"></PresFormCd></presForm></idCitation><spatRpType><SpatRepTypCd value="001" Sync="TRUE"></SpatRepTypCd></spatRpType></dataIdInfo><mdLang><languageCode value="eng" Sync="TRUE"></languageCode><countryCode value="USA" Sync="TRUE"></countryCode></mdLang><distInfo><distFormat><formatName Sync="TRUE">File Geodatabase Feature Class</formatName></distFormat></distInfo><mdHrLv><ScopeCd value="005" Sync="TRUE"></ScopeCd></mdHrLv><mdHrLvName Sync="TRUE">dataset</mdHrLvName><refSysInfo><RefSystem><refSysID><identCode code="3857" Sync="TRUE"></identCode><idCodeSpace Sync="TRUE">EPSG</idCodeSpace><idVersion Sync="TRUE">8.1.1</idVersion></refSysID></RefSystem></refSysInfo><spatRepInfo><VectSpatRep><geometObjs Name="S2012_10yr_pts"><geoObjTyp><GeoObjTypCd value="004" Sync="TRUE"></GeoObjTypCd></geoObjTyp><geoObjCnt Sync="TRUE">0</geoObjCnt></geometObjs><topLvl><TopoLevCd value="001" Sync="TRUE"></TopoLevCd></topLvl></VectSpatRep></spatRepInfo><spdoinfo><ptvctinf><esriterm Name="S2012_10yr_pts"><efeatyp Sync="TRUE">Simple</efeatyp><efeageom code="1" Sync="TRUE"></efeageom><esritopo Sync="TRUE">FALSE</esritopo><efeacnt Sync="TRUE">0</efeacnt><spindex Sync="TRUE">TRUE</spindex><linrefer Sync="TRUE">FALSE</linrefer></esriterm></ptvctinf></spdoinfo><eainfo><detailed Name="S2012_10yr_pts"><enttyp><enttypl Sync="TRUE">S2012_10yr_pts</enttypl><enttypt Sync="TRUE">Feature Class</enttypt><enttypc Sync="TRUE">0</enttypc></enttyp><attr><attrlabl Sync="TRUE">OBJECTID</attrlabl><attalias Sync="TRUE">OBJECTID</attalias><attrtype Sync="TRUE">OID</attrtype><attwidth Sync="TRUE">4</attwidth><atprecis Sync="TRUE">0</atprecis><attscale Sync="TRUE">0</attscale><attrdef Sync="TRUE">Internal feature number.</attrdef><attrdefs Sync="TRUE">Esri</attrdefs><attrdomv><udom Sync="TRUE">Sequential unique whole numbers that are automatically generated.</udom></attrdomv></attr><attr><attrlabl Sync="TRUE">Shape</attrlabl><attalias Sync="TRUE">Shape</attalias><attrtype Sync="TRUE">Geometry</attrtype><attwidth Sync="TRUE">0</attwidth><atprecis Sync="TRUE">0</atprecis><attscale Sync="TRUE">0</attscale><attrdef Sync="TRUE">Feature geometry.</attrdef><attrdefs Sync="TRUE">Esri</attrdefs><attrdomv><udom Sync="TRUE">Coordinates defining the features.</udom></attrdomv></attr><attr><attrlabl Sync="TRUE">Site_Code</attrlabl><attalias Sync="TRUE">MST_SITE_CODE</attalias><attrtype Sync="TRUE">String</attrtype><attwidth Sync="TRUE">30</attwidth><atprecis Sync="TRUE">0</atprecis><attscale Sync="TRUE">0</attscale></attr><attr><attrlabl Sync="TRUE">Elevation_Change</attrlabl><attalias Sync="TRUE">Difference</attalias><attrtype Sync="TRUE">Double</attrtype><attwidth Sync="TRUE">8</attwidth><atprecis Sync="TRUE">0</atprecis><attscale Sync="TRUE">0</attscale></attr><attr><attrlabl Sync="TRUE">IsDirect</attrlabl><attalias Sync="TRUE">IsDirect</attalias><attrtype Sync="TRUE">SmallInteger</attrtype><attwidth Sync="TRUE">2</attwidth><atprecis Sync="TRUE">0</atprecis><attscale Sync="TRUE">0</attscale></attr><attr><attrlabl Sync="TRUE">Early_WSEL</attrlabl><attalias Sync="TRUE">E_CLC_WSEL</attalias><attrtype Sync="TRUE">Double</attrtype><attwidth Sync="TRUE">8</attwidth><atprecis Sync="TRUE">0</atprecis><attscale Sync="TRUE">0</attscale></attr><attr><attrlabl Sync="TRUE">Late_WSEL</attrlabl><attalias Sync="TRUE">L_CLC_WSEL</attalias><attrtype Sync="TRUE">Double</attrtype><attwidth Sync="TRUE">8</attwidth><atprecis Sync="TRUE">0</atprecis><attscale Sync="TRUE">0</attscale></attr><attr><attrlabl Sync="TRUE">State_Well_Number</attrlabl><attalias Sync="TRUE">STN_STATE_WELL_NBR</attalias><attrtype Sync="TRUE">String</attrtype><attwidth Sync="TRUE">15</attwidth><atprecis Sync="TRUE">0</atprecis><attscale Sync="TRUE">0</attscale></attr><attr><attrlabl Sync="TRUE">Local_Well_Name</attrlabl><attalias Sync="TRUE">STN_LOCAL_WELL_DESIGNATION</attalias><attrtype Sync="TRUE">String</attrtype><attwidth Sync="TRUE">100</attwidth><atprecis Sync="TRUE">0</atprecis><attscale Sync="TRUE">0</attscale></attr><attr><attrlabl Sync="TRUE">STN_WELL_TYPE</attrlabl><attalias Sync="TRUE">STN_WELL_TYPE</attalias><attrtype Sync="TRUE">Double</attrtype><attwidth Sync="TRUE">8</attwidth><atprecis Sync="TRUE">0</atprecis><attscale Sync="TRUE">0</attscale></attr><attr><attrlabl Sync="TRUE">STN_WELL_USE</attrlabl><attalias Sync="TRUE">STN_WELL_USE</attalias><attrtype Sync="TRUE">Double</attrtype><attwidth Sync="TRUE">8</attwidth><atprecis Sync="TRUE">0</atprecis><attscale Sync="TRUE">0</attscale></attr><attr><attrlabl Sync="TRUE">Well_Completion_Report_Number</attrlabl><attalias Sync="TRUE">STN_COMPLETION_RPT_NBR</attalias><attrtype Sync="TRUE">String</attrtype><attwidth Sync="TRUE">15</attwidth><atprecis Sync="TRUE">0</atprecis><attscale Sync="TRUE">0</attscale></attr><attr><attrlabl Sync="TRUE">Early_WSEL_MSMT_Date</attrlabl><attalias Sync="TRUE">E_WLM_MEASUREMENT_DT</attalias><attrtype Sync="TRUE">Date</attrtype><attwidth Sync="TRUE">8</attwidth><atprecis Sync="TRUE">0</atprecis><attscale Sync="TRUE">0</attscale></attr><attr><attrlabl Sync="TRUE">E_WLM_ORG</attrlabl><attalias Sync="TRUE">E_WLM_ORG</attalias><attrtype Sync="TRUE">Double</attrtype><attwidth Sync="TRUE">8</attwidth><atprecis Sync="TRUE">0</atprecis><attscale Sync="TRUE">0</attscale></attr><attr><attrlabl Sync="TRUE">E_WLM_COOP_AGENCY_ORG</attrlabl><attalias Sync="TRUE">E_WLM_COOP_AGENCY_ORG</attalias><attrtype Sync="TRUE">Double</attrtype><attwidth Sync="TRUE">8</attwidth><atprecis Sync="TRUE">0</atprecis><attscale Sync="TRUE">0</attscale></attr><attr><attrlabl Sync="TRUE">Early_DBGS</attrlabl><attalias Sync="TRUE">E_CLC_DGBS</attalias><attrtype Sync="TRUE">Double</attrtype><attwidth Sync="TRUE">8</attwidth><atprecis Sync="TRUE">0</atprecis><attscale Sync="TRUE">0</attscale></attr><attr><attrlabl Sync="TRUE">Early_GROUND_SURFACE_ELEVATION</attrlabl><attalias Sync="TRUE">E_WLM_GROUND_SURFACE_ELEVATION</attalias><attrtype Sync="TRUE">Double</attrtype><attwidth Sync="TRUE">8</attwidth><atprecis Sync="TRUE">0</atprecis><attscale Sync="TRUE">0</attscale></attr><attr><attrlabl Sync="TRUE">Early_WL_Measurement_Method</attrlabl><attalias Sync="TRUE">E_WLM_ELEV_MEASURE_METHOD_TYPE</attalias><attrtype Sync="TRUE">Double</attrtype><attwidth Sync="TRUE">8</attwidth><atprecis Sync="TRUE">0</atprecis><attscale Sync="TRUE">0</attscale></attr><attr><attrlabl Sync="TRUE">Early_WL_Measurement_Issue</attrlabl><attalias Sync="TRUE">E_WLM_MEASUREMENT_ISSUE_TYPE</attalias><attrtype Sync="TRUE">Double</attrtype><attwidth Sync="TRUE">8</attwidth><atprecis Sync="TRUE">0</atprecis><attscale Sync="TRUE">0</attscale></attr><attr><attrlabl Sync="TRUE">Late_WSEL_MSMT_Date</attrlabl><attalias Sync="TRUE">L_WLM_MEASUREMENT_DT</attalias><attrtype Sync="TRUE">Date</attrtype><attwidth Sync="TRUE">8</attwidth><atprecis Sync="TRUE">0</atprecis><attscale Sync="TRUE">0</attscale></attr><attr><attrlabl Sync="TRUE">L_WLM_ORG</attrlabl><attalias Sync="TRUE">L_WLM_ORG</attalias><attrtype Sync="TRUE">Double</attrtype><attwidth Sync="TRUE">8</attwidth><atprecis Sync="TRUE">0</atprecis><attscale Sync="TRUE">0</attscale></attr><attr><attrlabl Sync="TRUE">L_WLM_COOP_AGENCY_ORG</attrlabl><attalias Sync="TRUE">L_WLM_COOP_AGENCY_ORG</attalias><attrtype Sync="TRUE">Double</attrtype><attwidth Sync="TRUE">8</attwidth><atprecis Sync="TRUE">0</atprecis><attscale Sync="TRUE">0</attscale></attr><attr><attrlabl Sync="TRUE">Late_DGBS</attrlabl><attalias Sync="TRUE">L_CLC_DGBS</attalias><attrtype Sync="TRUE">Double</attrtype><attwidth Sync="TRUE">8</attwidth><atprecis Sync="TRUE">0</atprecis><attscale Sync="TRUE">0</attscale></attr><attr><attrlabl Sync="TRUE">Late_GROUND_SURFACE_ELEVATION</attrlabl><attalias Sync="TRUE">L_WLM_GROUND_SURFACE_ELEVATION</attalias><attrtype Sync="TRUE">Double</attrtype><attwidth Sync="TRUE">8</attwidth><atprecis Sync="TRUE">0</atprecis><attscale Sync="TRUE">0</attscale></attr><attr><attrlabl Sync="TRUE">Late_WL_Measurement_Method</attrlabl><attalias Sync="TRUE">L_WLM_ELEV_MEASURE_METHOD_TYPE</attalias><attrtype Sync="TRUE">Double</attrtype><attwidth Sync="TRUE">8</attwidth><atprecis Sync="TRUE">0</atprecis><attscale Sync="TRUE">0</attscale></attr><attr><attrlabl Sync="TRUE">Late_WL_Measurement_Issue</attrlabl><attalias Sync="TRUE">L_WLM_MEASUREMENT_ISSUE_TYPE</attalias><attrtype Sync="TRUE">Double</attrtype><attwidth Sync="TRUE">8</attwidth><atprecis Sync="TRUE">0</atprecis><attscale Sync="TRUE">0</attscale></attr></detailed></eainfo><mdDateSt Sync="TRUE">20140616</mdDateSt></metadata>
